Date,Product Code,Barcode,Ninja RSP,Noon RSP,Keeta RSP,Hungerstation RSP
2026-05-02 07:03,PPMP500TP1,05056141850689,Timeout,Timeout,Timeout,Timeout
2026-05-02 07:03,PPAF200HPX2,5056141850764,Timeout,Timeout,Timeout,Timeout
2026-05-02 07:03,PPGBR80110X3PKT,5056141850788,Timeout,Timeout,Timeout,Timeout
2026-05-02 07:03,PPDBBX3,5056141850825,Timeout,Timeout,Timeout,Timeout
2026-05-02 07:03,PPPC6X3,5056141850849,Timeout,Timeout,Timeout,Timeout
2026-05-02 07:03,PPAPOT256,5056141851259,Timeout,Timeout,Timeout,Timeout
2026-05-02 07:03,PPAPOT296,5056141851266,Timeout,Timeout,Timeout,Timeout
2026-05-02 07:03,PPZLB1821TP,5056141852423,Timeout,Timeout,Timeout,Timeout
2026-05-02 07:03,SNCFT200NP5,5056141852690,Timeout,Timeout,Timeout,Timeout
2026-05-02 07:03,HSMGBR6595X60,5056141852751,Timeout,Timeout,Timeout,Timeout
2026-05-02 07:03,PPAF3P75HP2PLUS1M11,5056141853093,Timeout,Timeout,Timeout,Timeout
2026-05-02 07:03,HSMCG12PETDC,5056141853765,Timeout,Timeout,Timeout,Timeout
2026-05-02 07:03,PHDC4SC,5056141853901,Timeout,Timeout,Timeout,Timeout
2026-05-02 07:03,PHDC6P5SC2,5056141853918,Timeout,Timeout,Timeout,Timeout
2026-05-02 07:03,DWPC8RAM,5056141853925,Timeout,Timeout,Timeout,Timeout
2026-05-02 07:03,SF20RAM,5056141854120,Timeout,Timeout,Timeout,Timeout
2026-05-02 07:03,PPMRJT1305P1,5056141854700,Timeout,Timeout,Timeout,Timeout
2026-05-02 07:03,PPMRJT1704P1,5056141854724,Timeout,Timeout,Timeout,Timeout
2026-05-02 07:03,APFL500,5056141855110,Timeout,Timeout,Timeout,Timeout
2026-05-02 07:03,APFL200,5056141855134,Timeout,Timeout,Timeout,Timeout
2026-05-02 07:03,HSMAFPBR164CM,5056141855219,Timeout,Timeout,Timeout,Timeout
2026-05-02 07:03,HSMAFPBR204CM,5056141855226,Timeout,Timeout,Timeout,Timeout
2026-05-02 07:03,HSMAFPBS16164CM,5056141855233,Timeout,Timeout,Timeout,Timeout
2026-05-02 07:03,PPSNCMPT150X4PKT,5056141855516,Timeout,Timeout,Timeout,Timeout
2026-05-02 07:03,PPAF25SQFT2PLUS1M11,5056141856087,Timeout,Timeout,Timeout,Timeout
2026-05-02 07:03,HSMPC9HWRPS,5056141856230,Timeout,Timeout,Timeout,Timeout
2026-05-02 07:03,PPSOFRAOFFERTP,5056141857282,Timeout,Timeout,Timeout,Timeout
2026-05-02 07:03,PPMC500X5,5056141857336,Timeout,Timeout,Timeout,Timeout
2026-05-02 07:03,PPAF30250HPE,5056141857664,Timeout,Timeout,Timeout,Timeout
2026-05-02 07:03,PPHDMC1000500TP,5056141857725,Timeout,Timeout,Timeout,Timeout
